Workbook
Name BrowseRecords: RiskSerializationData8!$6:$15
Name d: MODEL!$C$5
Name DistributionRecords: RiskSerializationData8!$18:$18
Name g: MODEL!$C$7
Name p: MODEL!$C$9
Name r_: MODEL!$C$6
Name rf: MODEL!$C$6
Name RiskRealTimeResults: FALSE
Name RiskResultsUpdateFreq: 100
Name RiskStatFunctionsUpdateFreq: 1
Name RiskUpdateStatFunctions: TRUE
Name S: MODEL!$C$3
Name SerializationHeader: RiskSerializationData8!$A$1:$B$3
Name v: MODEL!$C$8
Name x: MODEL!$C$4

Sheet RiskSerializationData8
A1: Written By Version | B1: 8.3.3
A2: Serialization Major Version | B2: 4
A3: Serialization Minor Version | B3: 0
A5: Browse Record | B5: Display Mode | C5: Sens Graph Type | D5: Cond Sens Settings | E5: Scenario Settings | F5: Selected Scenario | J5: Distribution Options | K5: Distribution GS | L5: Distribution Curves | N5: Sens Tornado Options | O5: Sens Tornado GS | P5: Sens Tornado Curves | R5: Scen Tornado Options | S5: Scen Tornado GS | T5: Scen Tornado Curves | V5: Sens Spider Option | W5: Sens Spider GS | X5: Sens Spider Curves
A6: =ModelRef(RiskSim!$B$13,1,0,2) -> #NAME? | B6: 0 | C6: 3 | F6: 0 | K6: GF1_rK0qDwEAEQDgAAwjACcAOQBdAHEAcgCAAI4AvADcANYAKwD//wAAAAAAAAEEAAAAAAQwLjAlAAAAARklIEdhaW4gd2l0aG91dCBQdXQgT3B0aW9uAQVTaW0jMwEBEAACAAEKU3RhdGlzdGljcwMBAQD/AQEBAQEAAQEBAAQAAAABAQEBAQABAQEABAAAAAGSAAImABklIEdhaW4gd2l0aG91dCBQdXQgT3B0aW9uAAAA/9wUPAEAAAIAAgDEAM0AAQEDAQAAAAAAAAAAAQAAAAAAAPB/AQUAAQEBAAEBAQA= | L6: =ModelRef(RiskSim!$B$13,1,0,2) -> #NAME?
A7: =ModelRef(RiskSim!$B$13,1,0,1) -> #NAME? | B7: 0 | C7: 3 | F7: 0 | K7: GF1_rK0qDwEAEQDgAAwjACcAOQBdAHEAcgCAAI4AvADcANYAKwD//wAAAAAAAAEEAAAAAAQwLjAlAAAAARklIEdhaW4gd2l0aG91dCBQdXQgT3B0aW9uAQVTaW0jMgEBEAACAAEKU3RhdGlzdGljcwMBAQD/AQEBAQEAAQEBAAQAAAABAQEBAQABAQEABAAAAAGSAAImABklIEdhaW4gd2l0aG91dCBQdXQgT3B0aW9uAAAA/9wUPAEAAAIAAgDEAM0AAQEDAQAAAAAAAAAAAQAAAAAAAPB/AQUAAQEBAAEBAQA= | L7: =ModelRef(RiskSim!$B$13,1,0,1) -> #NAME?
A8: =ModelRef(RiskSim!$B$13,1,0,0) -> #NAME? | B8: 0 | C8: 3 | F8: 0 | K8: GF1_rK0qDwEAEQDgAAwjACcAOQBdAHEAcgCAAI4AvADcANYAKwD//wAAAAAAAAEEAAAAAAQwLjAlAAAAARklIEdhaW4gd2l0aG91dCBQdXQgT3B0aW9uAQVTaW0jMQEBEAACAAEKU3RhdGlzdGljcwMBAQD/AQEBAQEAAQEBAAQAAAABAQEBAQABAQEABAAAAAGSAAImABklIEdhaW4gd2l0aG91dCBQdXQgT3B0aW9uAAAA/9wUPAEAAAIAAgDEAM0AAQEDAQAAAAAAAAAAAQAAAAAAAPB/AQUAAQEBAAEBAQA= | L8: =ModelRef(RiskSim!$B$13,1,0,0) -> #NAME?
A9: =ModelRef(RiskSim!$B$13,1,0,4) -> #NAME? | B9: 0 | C9: 3 | F9: 0 | K9: GF1_rK0qDwEAEQDgAAwjACcAOQBdAHEAcgCAAI4AvADcANYAKwD//wAAAAAAAAEEAAAAAAQwLjAlAAAAARklIEdhaW4gd2l0aG91dCBQdXQgT3B0aW9uAQVTaW0jNQEBEAACAAEKU3RhdGlzdGljcwMBAQD/AQEBAQEAAQEBAAQAAAABAQEBAQABAQEABAAAAAGSAAImABklIEdhaW4gd2l0aG91dCBQdXQgT3B0aW9uAAAA/9wUPAEAAAIAAgDEAM0AAQEDAQAAAAAAAAAAAQAAAAAAAPB/AQUAAQEBAAEBAQA= | L9: =ModelRef(RiskSim!$B$13,1,0,4) -> #NAME?
A10: =ModelRef(RiskSim!$B$10,1,0,4) -> #NAME? | B10: 0 | C10: 3 | F10: 0 | K10: GF1_rK0qDwEAEQDRAAwjACcAPABXAGsAbAB6AIgArQDNAMcAKwD//wAAAAAAAAEEAAAAAAdHZW5lcmFsAAAAARBEZWxsIFN0b2NrIFByaWNlAQVTaW0jNQEBEAACAAEKU3RhdGlzdGljcwMBAQD/AQEBAQEAAQEBAAQAAAABAQEBAQABAQEABAAAAAGMAAIdABBEZWxsIFN0b2NrIFByaWNlAAAA/9wUPAEAAAIAAgC1AL4AAQEDAQAAAAAAgFdAAQAAAAAAAPB/AQUAAQEBAAEBAQA= | L10: =ModelRef(RiskSim!$B$10,1,0,4) -> #NAME?
A11: =ModelRef(RiskSim!$B$10,1,0,3) -> #NAME? | B11: 0 | C11: 3 | F11: 0 | K11: GF1_rK0qDwEAEQDRAAwjACcAPABXAGsAbAB6AIgArQDNAMcAKwD//wAAAAAAAAEEAAAAAAdHZW5lcmFsAAAAARBEZWxsIFN0b2NrIFByaWNlAQVTaW0jNAEBEAACAAEKU3RhdGlzdGljcwMBAQD/AQEBAQEAAQEBAAQAAAABAQEBAQABAQEABAAAAAGMAAIdABBEZWxsIFN0b2NrIFByaWNlAAAA/9wUPAEAAAIAAgC1AL4AAQEDAQAAAAAAgFdAAQAAAAAAAPB/AQUAAQEBAAEBAQA= | L11: =ModelRef(RiskSim!$B$10,1,0,3) -> #NAME?
A12: =ModelRef(RiskSim!$B$10,1,0,0) -> #NAME? | B12: 0 | C12: 3 | F12: 0 | K12: GF1_rK0qDwEAEQDRAAwjACcAPABXAGsAbAB6AIgArQDNAMcAKwD//wAAAAAAAAEEAAAAAAdHZW5lcmFsAAAAARBEZWxsIFN0b2NrIFByaWNlAQVTaW0jMQEBEAACAAEKU3RhdGlzdGljcwMBAQD/AQEBAQEAAQEBAAQAAAABAQEBAQABAQEABAAAAAGMAAIdABBEZWxsIFN0b2NrIFByaWNlAAAA/9wUPAEAAAIAAgC1AL4AAQEDAQAAAAAAgFdAAQAAAAAAAPB/AQUAAQEBAAEBAQA= | L12: =ModelRef(RiskSim!$B$10,1,0,0) -> #NAME?
A13: =ModelRef(RiskSim!$B$10,1,0,2) -> #NAME? | B13: 0 | C13: 3 | F13: 0 | K13: GF1_rK0qDwEAEQDRAAwjACcAPABXAGsAbAB6AIgArQDNAMcAKwD//wAAAAAAAAEEAAAAAAdHZW5lcmFsAAAAARBEZWxsIFN0b2NrIFByaWNlAQVTaW0jMwEBEAACAAEKU3RhdGlzdGljcwMBAQD/AQEBAQEAAQEBAAQAAAABAQEBAQABAQEABAAAAAGMAAIdABBEZWxsIFN0b2NrIFByaWNlAAAA/9wUPAEAAAIAAgC1AL4AAQEDAQAAAAAAgFdAAQAAAAAAAPB/AQUAAQEBAAEBAQA= | L13: =ModelRef(RiskSim!$B$10,1,0,2) -> #NAME?
A14: =ModelRef(RiskSim!$B$10,1,0,1) -> #NAME? | B14: 0 | C14: 3 | F14: 0 | K14: GF1_rK0qDwEAEQDRAAwjACcAPABXAGsAbAB6AIgArQDNAMcAKwD//wAAAAAAAAEEAAAAAAdHZW5lcmFsAAAAARBEZWxsIFN0b2NrIFByaWNlAQVTaW0jMgEBEAACAAEKU3RhdGlzdGljcwMBAQD/AQEBAQEAAQEBAAQAAAABAQEBAQABAQEABAAAAAGMAAIdABBEZWxsIFN0b2NrIFByaWNlAAAA/9wUPAEAAAIAAgC1AL4AAQEDAQAAAAAAgFdAAQAAAAAAAPB/AQUAAQEBAAEBAQA= | L14: =ModelRef(RiskSim!$B$10,1,0,1) -> #NAME?
A15: =ModelRef(MODEL!$B$14,1,0,0) -> #NAME? | B15: 0 | C15: 3 | F15: 0 | K15: GF1_rK0qDwEAEQAFAQwjACcAOQBWAGoAawB5AIcA4QABAfsAKwD//wAABAAAAAEEAAAAAAQwLjAlAAAAARdEaXN0cmlidXRpb24gQ29tcGFyaXNvbgEAAQEQAAIAAQpTdGF0aXN0aWNzAwEBAP8BAQEBAQABAQEABAAAAAEBAQEBAAEBAQAEAAAAAo4AArgAAiYAGSUgR2FpbiB3aXRob3V0IFB1dCBPcHRpb24AAAD/3BQ8AQAAAgACACUAHCUgR2FpbiB3aXRoIFB1dCBvcHRpb24gaGVkZ2UAASUBAAACAAIA6QDyAAEBAwGamZmZmZnJvwEAAAAAAADwfwEFAAEBAQABAQEA | L15: =ModelRef(MODEL!$B$14,1,0,0)+ModelRef(MODEL!$B$15,1,0,-1) -> #NAME?
A17: Distribution Record | C17: Reserved | D17: Record Count | E17: Inputs
A18: =RiskSim!$G$3 -> 0.17690461 | D18: 1 | E18: 1_x0001_18_x0001_0_x0001_RiskUniform(0,0.3) | F18: 0 | G18: GF1_rK0qDwEAEQC7AAwjACcAPABKAF4AXwBtAHsAlQC3ALEAKwD//wAAAAAAAAEEAAAAAAdHZW5lcmFsAAAAAQhEaXN0IC8gMgEAAQEQAAIAAQpTdGF0aXN0aWNzAwEBAP8BAQEBAQABAQEABAAAAAEBAQEBAAEBAQAEAAAAAX8AABQAB1VuaWZvcm0AAAD/AAD/AQAAAgCdAKcAAQEDAZqZmZmZmak/AABmZmZmZmbuPwAABQABAQEAAQEBAA== | H18: Reserved | I18: 0

Sheet IMPVOL
A2: Black-Schole's Option Pricing Problem
A3: Using the Option Price to Find the Implied Volatility
A5: Input data
A6: Stock price | B6: 94.125 | E6: Today | F6: 45107 | G6: =DATEVALUE("2023/06/30") -> 45107
A7: Exercise price | B7: 80 | E7: Expire | F7: 45252 | G7: =DATEVALUE("2023/11/22") -> 45252
A8: Duration | B8: =145/365 -> 0.39726027 | G8: =G7-G6 -> 145
A9: Interest rate | B9: =LN(1+0.055) -> 0.053540767
A11: Implied volatility (stdev) | B11: 0.5326464
A13: Option Price | B13: Actual | D13: Predicted
A14: Call price | C14: = | D14: =B6*E19-B7*EXP(-B8*B9)*E20 -> 21.058466
A15: Put price | B15: 5.25 | D15: =B7*EXP(-B9*B8)*NORMSDIST(-B20)-B6*NORMSDIST(-B19) -> 5.249865
A18: Other quantities for option price
A19: d1 | B19: =(LN(B6/B7)+(B9+B11^2/2)*B8)/(B11*SQRT(B8)) -> 0.7155392 | D19: N(d1) | E19: =NORMSDIST(B19) -> 0.76286204
A20: d2 | B20: =B19-B11*SQRT(B8) -> 0.3798197 | D20: N(d2) | E20: =NORMSDIST(B20) -> 0.64796037

Sheet MODEL
A2: Stress Testing Dell | B2: Range Name
A3: Current price | B3: s | C3: 94
A4: Put exercise price | B4: x | C4: 80
A5: Put duration | B5: d | C5: =145/365 -> 0.39726027
A6: Risk free rate | B6: rf | C6: =LN(1+0.055) -> 0.053540767
A7: Actual growth rate | B7: μ | C7: =_xll.RiskDuniform({0,0.1,0.2,0.3}) -> 0.3
A8: Volatility | B8: σ | C8: 0.5327
A9: Put price | B9: p | C9: 5.25
A11: Dell price at expiration | B11: =_xll.RiskOutput("Dell Stock Price")+S*EXP((g-0.5*v^2)*d+_xll.RiskNormal(0,1)*v*SQRT(d)) -> 52.645925
A12: Put value at expiration | B12: =IF(B11>x,0,x-B11) -> 27.354075
A14: % Gain without put | B14: =_xll.RiskOutput("% Gain without Put Option") + (B11-S)/S -> -0.43993697
A15: % Gain with put | B15: =_xll.RiskOutput("% Gain with Put option hedge") + ((B12+B11)-(S+p))/(S+p) -> -0.19395466
H53: 0

Sheet RiskSim
A1: Stress Testing Dell | B1: Range Name
A2: Current price | B2: s | C2: 94 | E2: Type | F2: 1 | G2: 2 | H2: 3 | I2: 4 | J2: 5
A3: Put exercise price | B3: x | C3: 80 | E3: Dist | F3: =_xll.RiskDuniform({0,0.1,0.2,0.3}) -> 0.3 | G3: =_xll.RiskUniform(0,0.3) -> 0.17690461 | H3: =_xll.RiskTriang(0,0.15,0.3) -> 0.16713938 | I3: =_xll.RiskNormal(0.15,0.15) -> 0.0020560167 | J3: =_xll.RiskPert(0,0.15,0.3) -> 0.048248363
A4: Put duration | B4: d | C4: =145/365 -> 0.39726027
A5: Risk free rate | B5: rf | C5: =LN(1+0.055) -> 0.053540767 | E5: Index
A6: Actual growth rate | B6: μ | C6: =IF(E6=1, F3, IF(E6=2, G3, IF(E6=3, H3, IF(E6=4, I3, J3)))) -> 0.3 | E6: =_xll.RiskSimtable(F2:J2) -> 1
A7: Volatility | B7: σ | C7: 0.5327
A8: Put price | B8: p | C8: 5.25
A10: Dell price at expiration | B10: =_xll.RiskOutput("Dell Stock Price")+S*EXP((g-0.5*v^2)*d+_xll.RiskNormal(0,1)*v*SQRT(d)) -> 106.88335
A11: Put value at expiration | B11: =IF(B10>x,0,x-B10) -> 0
A13: % Gain without put | B13: =_xll.RiskOutput("% Gain without Put Option") + (B10-S)/S -> 0.13705691
A14: % Gain with put | B14: =_xll.RiskOutput("% Gain with Put option hedge") + ((B11+B10)-(S+p))/(S+p) -> 0.076910326

Sheet Sheet3
